id,name,email
1,sid nani,sid@nani.com
2,chen nani,chen@nani.com
3,leo nani,leo@nani.com
4,John Elder,john@code.com
5,Marry Brown,marry@brown.com
6,Steve Brown,steve@brown.com
7,Jerry Smith,jerry@smith.com
8,"Tim Smith
",tim@smith.com
